episode,turn,task_type,env_reward,success,prompt,response
1,1,collaborative,0.1843,False,"You are agent_gamma in a multi-agent adaptive curriculum task.
Task type: collaborative
Task: Synthesize findings from 3 reports about public transport safety and propose one shared recommendation for Kochi.
Skills: information_synthesis, collaboration, communication_clarity
Turn: 0/12
Give one concise actionable response.",Generic response.
1,2,collaborative,0.3015,False,"You are agent_alpha in a multi-agent adaptive curriculum task.
Task type: collaborative
Task: Synthesize findings from 3 reports about public transport safety and propose one shared recommendation for Kochi.
Skills: information_synthesis, collaboration, communication_clarity
Turn: 1/12
Give one concise actionable response.",A short plan.
1,3,collaborative,0.1133,False,"You are agent_beta in a multi-agent adaptive curriculum task.
Task type: collaborative
Task: Synthesize findings from 3 reports about public transport safety and propose one shared recommendation for Kochi.
Skills: information_synthesis, collaboration, communication_clarity
Turn: 2/12
Give one concise actionable response.",Generic response.
1,4,collaborative,0.1047,False,"You are agent_beta in a multi-agent adaptive curriculum task.
Task type: collaborative
Task: Synthesize findings from 3 reports about public transport safety and propose one shared recommendation for Kochi.
Skills: information_synthesis, collaboration, communication_clarity
Turn: 3/12
Give one concise actionable response.",Generic response.
1,5,collaborative,0.01,False,"You are agent_beta in a multi-agent adaptive curriculum task.
Task type: collaborative
Task: Synthesize findings from 3 reports about public transport safety and propose one shared recommendation for Kochi.
Skills: information_synthesis, collaboration, communication_clarity
Turn: 4/12
Give one concise actionable response.",Generic response.
1,6,collaborative,0.01,False,"You are agent_beta in a multi-agent adaptive curriculum task.
Task type: collaborative
Task: Synthesize findings from 3 reports about public transport safety and propose one shared recommendation for Kochi.
Skills: information_synthesis, collaboration, communication_clarity
Turn: 5/12
Give one concise actionable response.",Generic response.
1,7,collaborative,0.01,False,"You are agent_beta in a multi-agent adaptive curriculum task.
Task type: collaborative
Task: Synthesize findings from 3 reports about public transport safety and propose one shared recommendation for Kochi.
Skills: information_synthesis, collaboration, communication_clarity
Turn: 6/12
Give one concise actionable response.",Generic response.
1,8,collaborative,0.01,False,"You are agent_beta in a multi-agent adaptive curriculum task.
Task type: collaborative
Task: Synthesize findings from 3 reports about public transport safety and propose one shared recommendation for Kochi.
Skills: information_synthesis, collaboration, communication_clarity
Turn: 7/12
Give one concise actionable response.",Generic response.
1,9,collaborative,0.01,False,"You are agent_beta in a multi-agent adaptive curriculum task.
Task type: collaborative
Task: Synthesize findings from 3 reports about public transport safety and propose one shared recommendation for Kochi.
Skills: information_synthesis, collaboration, communication_clarity
Turn: 8/12
Give one concise actionable response.",Generic response.
1,10,collaborative,0.01,False,"You are agent_beta in a multi-agent adaptive curriculum task.
Task type: collaborative
Task: Synthesize findings from 3 reports about public transport safety and propose one shared recommendation for Kochi.
Skills: information_synthesis, collaboration, communication_clarity
Turn: 9/12
Give one concise actionable response.",Generic response.
1,11,collaborative,0.01,False,"You are agent_beta in a multi-agent adaptive curriculum task.
Task type: collaborative
Task: Synthesize findings from 3 reports about public transport safety and propose one shared recommendation for Kochi.
Skills: information_synthesis, collaboration, communication_clarity
Turn: 10/12
Give one concise actionable response.",Generic response.
1,12,collaborative,0.01,False,"You are agent_beta in a multi-agent adaptive curriculum task.
Task type: collaborative
Task: Synthesize findings from 3 reports about public transport safety and propose one shared recommendation for Kochi.
Skills: information_synthesis, collaboration, communication_clarity
Turn: 11/12
Give one concise actionable response.",Generic response.
2,1,competitive,0.1827,False,"You are agent_gamma in a multi-agent adaptive curriculum task.
Task type: competitive
Task: Run a two-agent resource auction for 8 units under total cap 900.
Skills: competitive_strategy, risk_assessment, opponent_modeling
Turn: 0/12
Give one concise actionable response.",I accept. proposal.
2,2,competitive,0.1001,False,"You are agent_alpha in a multi-agent adaptive curriculum task.
Task type: competitive
Task: Run a two-agent resource auction for 8 units under total cap 900.
Skills: competitive_strategy, risk_assessment, opponent_modeling
Turn: 1/12
Give one concise actionable response.",I accept. proposal.
2,3,competitive,0.0975,False,"You are agent_alpha in a multi-agent adaptive curriculum task.
Task type: competitive
Task: Run a two-agent resource auction for 8 units under total cap 900.
Skills: competitive_strategy, risk_assessment, opponent_modeling
Turn: 2/12
Give one concise actionable response.",I accept. proposal.
2,4,competitive,0.0949,False,"You are agent_alpha in a multi-agent adaptive curriculum task.
Task type: competitive
Task: Run a two-agent resource auction for 8 units under total cap 900.
Skills: competitive_strategy, risk_assessment, opponent_modeling
Turn: 3/12
Give one concise actionable response.",I accept. proposal.
2,5,competitive,0.01,False,"You are agent_alpha in a multi-agent adaptive curriculum task.
Task type: competitive
Task: Run a two-agent resource auction for 8 units under total cap 900.
Skills: competitive_strategy, risk_assessment, opponent_modeling
Turn: 4/12
Give one concise actionable response.",I accept. proposal.
2,6,competitive,0.01,False,"You are agent_alpha in a multi-agent adaptive curriculum task.
Task type: competitive
Task: Run a two-agent resource auction for 8 units under total cap 900.
Skills: competitive_strategy, risk_assessment, opponent_modeling
Turn: 5/12
Give one concise actionable response.",I accept. proposal.
2,7,competitive,0.01,False,"You are agent_alpha in a multi-agent adaptive curriculum task.
Task type: competitive
Task: Run a two-agent resource auction for 8 units under total cap 900.
Skills: competitive_strategy, risk_assessment, opponent_modeling
Turn: 6/12
Give one concise actionable response.",I accept. proposal.
2,8,competitive,0.01,False,"You are agent_alpha in a multi-agent adaptive curriculum task.
Task type: competitive
Task: Run a two-agent resource auction for 8 units under total cap 900.
Skills: competitive_strategy, risk_assessment, opponent_modeling
Turn: 7/12
Give one concise actionable response.",I accept. proposal.
2,9,competitive,0.01,False,"You are agent_alpha in a multi-agent adaptive curriculum task.
Task type: competitive
Task: Run a two-agent resource auction for 8 units under total cap 900.
Skills: competitive_strategy, risk_assessment, opponent_modeling
Turn: 8/12
Give one concise actionable response.",I accept. proposal.
2,10,competitive,0.01,False,"You are agent_alpha in a multi-agent adaptive curriculum task.
Task type: competitive
Task: Run a two-agent resource auction for 8 units under total cap 900.
Skills: competitive_strategy, risk_assessment, opponent_modeling
Turn: 9/12
Give one concise actionable response.",I accept. proposal.
2,11,competitive,0.01,False,"You are agent_alpha in a multi-agent adaptive curriculum task.
Task type: competitive
Task: Run a two-agent resource auction for 8 units under total cap 900.
Skills: competitive_strategy, risk_assessment, opponent_modeling
Turn: 10/12
Give one concise actionable response.",I accept. proposal.
2,12,competitive,0.01,False,"You are agent_alpha in a multi-agent adaptive curriculum task.
Task type: competitive
Task: Run a two-agent resource auction for 8 units under total cap 900.
Skills: competitive_strategy, risk_assessment, opponent_modeling
Turn: 11/12
Give one concise actionable response.",I accept. proposal.
3,1,mixed_motive,0.2756,False,"You are agent_beta in a multi-agent adaptive curriculum task.
Task type: mixed_motive
Task: Startup simulation in health-tech: negotiate equity split and launch plan before 6 weeks.
Skills: strategic_reasoning, coalition_building, risk_assessment
Turn: 0/12
Give one concise actionable response.",I accept. proposal.
3,2,mixed_motive,0.193,False,"You are agent_gamma in a multi-agent adaptive curriculum task.
Task type: mixed_motive
Task: Startup simulation in health-tech: negotiate equity split and launch plan before 6 weeks.
Skills: strategic_reasoning, coalition_building, risk_assessment
Turn: 1/12
Give one concise actionable response.",I accept. proposal.
3,3,mixed_motive,0.1905,False,"You are agent_alpha in a multi-agent adaptive curriculum task.
Task type: mixed_motive
Task: Startup simulation in health-tech: negotiate equity split and launch plan before 6 weeks.
Skills: strategic_reasoning, coalition_building, risk_assessment
Turn: 2/12
Give one concise actionable response.",I accept. proposal.
3,4,mixed_motive,0.1879,False,"You are agent_alpha in a multi-agent adaptive curriculum task.
Task type: mixed_motive
Task: Startup simulation in health-tech: negotiate equity split and launch plan before 6 weeks.
Skills: strategic_reasoning, coalition_building, risk_assessment
Turn: 3/12
Give one concise actionable response.",I accept. proposal.
3,5,mixed_motive,0.0989,False,"You are agent_alpha in a multi-agent adaptive curriculum task.
Task type: mixed_motive
Task: Startup simulation in health-tech: negotiate equity split and launch plan before 6 weeks.
Skills: strategic_reasoning, coalition_building, risk_assessment
Turn: 4/12
Give one concise actionable response.",I accept. proposal.
3,6,mixed_motive,0.0963,False,"You are agent_alpha in a multi-agent adaptive curriculum task.
Task type: mixed_motive
Task: Startup simulation in health-tech: negotiate equity split and launch plan before 6 weeks.
Skills: strategic_reasoning, coalition_building, risk_assessment
Turn: 5/12
Give one concise actionable response.",I accept. proposal.
3,7,mixed_motive,0.0937,False,"You are agent_alpha in a multi-agent adaptive curriculum task.
Task type: mixed_motive
Task: Startup simulation in health-tech: negotiate equity split and launch plan before 6 weeks.
Skills: strategic_reasoning, coalition_building, risk_assessment
Turn: 6/12
Give one concise actionable response.",I accept. proposal.
3,8,mixed_motive,0.0911,False,"You are agent_alpha in a multi-agent adaptive curriculum task.
Task type: mixed_motive
Task: Startup simulation in health-tech: negotiate equity split and launch plan before 6 weeks.
Skills: strategic_reasoning, coalition_building, risk_assessment
Turn: 7/12
Give one concise actionable response.",I accept. proposal.
3,9,mixed_motive,0.0885,False,"You are agent_alpha in a multi-agent adaptive curriculum task.
Task type: mixed_motive
Task: Startup simulation in health-tech: negotiate equity split and launch plan before 6 weeks.
Skills: strategic_reasoning, coalition_building, risk_assessment
Turn: 8/12
Give one concise actionable response.",I accept. proposal.
3,10,mixed_motive,0.0859,False,"You are agent_alpha in a multi-agent adaptive curriculum task.
Task type: mixed_motive
Task: Startup simulation in health-tech: negotiate equity split and launch plan before 6 weeks.
Skills: strategic_reasoning, coalition_building, risk_assessment
Turn: 9/12
Give one concise actionable response.",I accept. proposal.
3,11,mixed_motive,0.0833,False,"You are agent_alpha in a multi-agent adaptive curriculum task.
Task type: mixed_motive
Task: Startup simulation in health-tech: negotiate equity split and launch plan before 6 weeks.
Skills: strategic_reasoning, coalition_building, risk_assessment
Turn: 10/12
Give one concise actionable response.",I accept. proposal.
3,12,mixed_motive,0.01,False,"You are agent_alpha in a multi-agent adaptive curriculum task.
Task type: mixed_motive
Task: Startup simulation in health-tech: negotiate equity split and launch plan before 6 weeks.
Skills: strategic_reasoning, coalition_building, risk_assessment
Turn: 11/12
Give one concise actionable response.",I accept. proposal.
4,1,peer_teaching,0.4824,True,"You are agent_gamma in a multi-agent adaptive curriculum task.
Task type: peer_teaching
Task: Guided practice on dynamic programming: teacher gives hints, learner revises and solves transfer variant A.
Skills: communication_clarity, skill_transfer, strategy_reflection
Turn: 0/12
Give one concise actionable response.",Final synthesis: hint feedback revise transfer supports one shared recommendation. Summary: phased rollout with evidence and clear trade-off rationale.
5,1,debate,0.1787,False,"You are agent_beta in a multi-agent adaptive curriculum task.
Task type: debate
Task: Policy debate for Bengaluru: defend opposing approaches to congestion pricing with evidence and counterarguments.
Skills: argumentation, information_synthesis, adaptive_strategy
Turn: 0/12
Give one concise actionable response.",I disagree.
5,2,debate,0.0961,False,"You are agent_alpha in a multi-agent adaptive curriculum task.
Task type: debate
Task: Policy debate for Bengaluru: defend opposing approaches to congestion pricing with evidence and counterarguments.
Skills: argumentation, information_synthesis, adaptive_strategy
Turn: 1/12
Give one concise actionable response.",I disagree.
5,3,debate,0.0935,False,"You are agent_gamma in a multi-agent adaptive curriculum task.
Task type: debate
Task: Policy debate for Bengaluru: defend opposing approaches to congestion pricing with evidence and counterarguments.
Skills: argumentation, information_synthesis, adaptive_strategy
Turn: 2/12
Give one concise actionable response.",I disagree.
5,4,debate,0.0909,False,"You are agent_gamma in a multi-agent adaptive curriculum task.
Task type: debate
Task: Policy debate for Bengaluru: defend opposing approaches to congestion pricing with evidence and counterarguments.
Skills: argumentation, information_synthesis, adaptive_strategy
Turn: 3/12
Give one concise actionable response.",I disagree.
5,5,debate,0.01,False,"You are agent_gamma in a multi-agent adaptive curriculum task.
Task type: debate
Task: Policy debate for Bengaluru: defend opposing approaches to congestion pricing with evidence and counterarguments.
Skills: argumentation, information_synthesis, adaptive_strategy
Turn: 4/12
Give one concise actionable response.",I disagree.
5,6,debate,0.01,False,"You are agent_gamma in a multi-agent adaptive curriculum task.
Task type: debate
Task: Policy debate for Bengaluru: defend opposing approaches to congestion pricing with evidence and counterarguments.
Skills: argumentation, information_synthesis, adaptive_strategy
Turn: 5/12
Give one concise actionable response.",I disagree.
5,7,debate,0.01,False,"You are agent_gamma in a multi-agent adaptive curriculum task.
Task type: debate
Task: Policy debate for Bengaluru: defend opposing approaches to congestion pricing with evidence and counterarguments.
Skills: argumentation, information_synthesis, adaptive_strategy
Turn: 6/12
Give one concise actionable response.",I disagree.
5,8,debate,0.01,False,"You are agent_gamma in a multi-agent adaptive curriculum task.
Task type: debate
Task: Policy debate for Bengaluru: defend opposing approaches to congestion pricing with evidence and counterarguments.
Skills: argumentation, information_synthesis, adaptive_strategy
Turn: 7/12
Give one concise actionable response.",I disagree.
5,9,debate,0.01,False,"You are agent_gamma in a multi-agent adaptive curriculum task.
Task type: debate
Task: Policy debate for Bengaluru: defend opposing approaches to congestion pricing with evidence and counterarguments.
Skills: argumentation, information_synthesis, adaptive_strategy
Turn: 8/12
Give one concise actionable response.",I disagree.
5,10,debate,0.01,False,"You are agent_gamma in a multi-agent adaptive curriculum task.
Task type: debate
Task: Policy debate for Bengaluru: defend opposing approaches to congestion pricing with evidence and counterarguments.
Skills: argumentation, information_synthesis, adaptive_strategy
Turn: 9/12
Give one concise actionable response.",I disagree.
5,11,debate,0.01,False,"You are agent_gamma in a multi-agent adaptive curriculum task.
Task type: debate
Task: Policy debate for Bengaluru: defend opposing approaches to congestion pricing with evidence and counterarguments.
Skills: argumentation, information_synthesis, adaptive_strategy
Turn: 10/12
Give one concise actionable response.",I disagree.
5,12,debate,0.01,False,"You are agent_gamma in a multi-agent adaptive curriculum task.
Task type: debate
Task: Policy debate for Bengaluru: defend opposing approaches to congestion pricing with evidence and counterarguments.
Skills: argumentation, information_synthesis, adaptive_strategy
Turn: 11/12
Give one concise actionable response.",I disagree.
6,1,debate,0.5769,True,"You are agent_beta in a multi-agent adaptive curriculum task.
Task type: debate
Task: Structured debate on public transit subsidy. Side A and Side B present claim-evidence-rebuttal; judge scores.
Skills: argumentation, information_synthesis, communication_clarity
Turn: 0/8
Give one concise actionable response.","I challenge the plan: claim evidence rebuttal conclusion shows risk, but trade-off on budget. Synthesis should combine reports before recommendation."
7,1,debate,0.5589,True,"You are agent_alpha in a multi-agent adaptive curriculum task.
Task type: debate
Task: Structured debate on public transit subsidy. Side A and Side B present claim-evidence-rebuttal; judge scores.
Skills: argumentation, information_synthesis, communication_clarity
Turn: 0/8
Give one concise actionable response.",Plan: gather claim evidence rebuttal conclusion from sources. Step 1: extract evidence. Step 2: note one trade-off. Step 3: shared summary outline.
8,1,peer_teaching,0.5745,True,"You are agent_beta in a multi-agent adaptive curriculum task.
Task type: peer_teaching
Task: Teacher explains backtracking with one example, learner answers a short transfer check.
Skills: communication_clarity, meta_learning, knowledge_transfer
Turn: 0/8
Give one concise actionable response.","I challenge the plan: explain example why check shows risk, but trade-off on budget. Synthesis should combine reports before recommendation."
9,1,collaborative,0.7148,True,"You are agent_gamma in a multi-agent adaptive curriculum task.
Task type: collaborative
Task: Create a joint plan for flood alert setup in Nagpur with budget 900.
Skills: collaboration, problem_decomposition, communication_clarity
Turn: 0/8
Give one concise actionable response.",Final synthesis: plan step constraint timeline supports one shared recommendation. Summary: phased rollout with evidence and clear trade-off rationale.
10,1,collaborative,0.6927,True,"You are agent_beta in a multi-agent adaptive curriculum task.
Task type: collaborative
Task: Create a joint plan for school wifi rollout in Indore with budget 1300.
Skills: collaboration, problem_decomposition, communication_clarity
Turn: 0/8
Give one concise actionable response.","I challenge the plan: plan step constraint timeline shows risk, but trade-off on budget. Synthesis should combine reports before recommendation."
